{
  "formula": "C200H296O136",
  "molecular_weight": 4873.624597792078,
  "num_atoms": 632,
  "num_bonds": 631,
  "num_rings": 0,
  "rotatable_bonds": 229,
  "end_to_end_distance": 6.985897760173071
}